,datetime,symbol,open,high,low,close,volume,change (%),last day change (%)
0,2023-06-09,NSE:SIGMA,328.5,328.5,297.25,302.35001,35025.0,,
1,2023-06-12,NSE:SIGMA,315.0,317.45001,313.0,317.39999,25292.0,4.977668100622853,
2,2023-06-13,NSE:SIGMA,331.0,331.0,307.14999,308.29999,32935.0,-2.867044828829397,4.977668100622853
3,2023-06-14,NSE:SIGMA,315.0,320.0,312.0,316.85001,28267.0,2.7732793633888924,-2.867044828829397
4,2023-06-15,NSE:SIGMA,330.0,332.64999,324.10001,332.45001,89460.0,4.92346520677087,2.7732793633888924
5,2023-06-16,NSE:SIGMA,349.04999,349.04999,347.0,349.04999,41392.0,4.9932258988351235,4.92346520677087
6,2023-06-19,NSE:SIGMA,363.10001,366.5,356.54999,366.5,53678.0,4.9992867783780826,4.9932258988351235
7,2023-06-20,NSE:SIGMA,379.0,384.79999,367.10001,384.60001,110574.0,4.938611186903137,4.9992867783780826
8,2023-06-21,NSE:SIGMA,388.5,401.95001,375.10001,387.60001,61724.0,0.780031180966428,4.938611186903137
9,2023-06-22,NSE:SIGMA,391.0,391.0,368.25,368.25,16802.0,-4.992262513099522,0.780031180966428
10,2023-06-23,NSE:SIGMA,352.04999,358.89999,349.85001,349.85001,13911.0,-4.996602851323829,-4.992262513099522
11,2023-06-26,NSE:SIGMA,332.35001,349.75,332.35001,332.79999,50209.0,-4.873522799098968,-4.996602851323829
12,2023-06-27,NSE:SIGMA,337.39999,349.39999,326.64999,349.10001,27254.0,4.897842695247682,-4.873522799098968
13,2023-06-28,NSE:SIGMA,359.0,362.04999,352.0,353.20001,27497.0,1.1744485484260005,4.897842695247682
14,2023-06-30,NSE:SIGMA,361.0,364.35001,353.20001,358.95001,21903.0,1.6279727738399554,1.1744485484260005
15,2023-07-03,NSE:SIGMA,366.14999,372.89999,354.14999,360.25,17140.0,0.3621646367971907,1.6279727738399554
16,2023-07-04,NSE:SIGMA,358.0,364.95001,349.54999,352.64999,10252.0,-2.109648854961831,0.3621646367971907
17,2023-07-05,NSE:SIGMA,352.64999,354.0,342.10001,344.35001,9176.0,-2.3536027889863274,-2.109648854961831
18,2023-07-06,NSE:SIGMA,344.35001,361.54999,337.70001,359.29999,24129.0,4.341507061376296,-2.3536027889863274
19,2023-07-07,NSE:SIGMA,364.0,367.95001,356.0,363.04999,14652.0,1.0436961047507962,4.341507061376296
20,2023-07-10,NSE:SIGMA,369.85001,374.39999,356.54999,363.14999,15480.0,0.027544416128484878,1.0436961047507962
21,2023-07-11,NSE:SIGMA,369.0,371.85001,355.60001,363.70001,15969.0,0.15145807934622763,0.027544416128484878
22,2023-07-12,NSE:SIGMA,370.85001,370.85001,360.20001,363.0,11290.0,-0.19246906262114763,0.15145807934622763
23,2023-07-13,NSE:SIGMA,368.0,368.0,344.85001,351.20001,27937.0,-3.2506859504132173,-0.19246906262114763
24,2023-07-14,NSE:SIGMA,360.0,361.39999,333.64999,347.79999,23942.0,-0.9681150066026594,-3.2506859504132173
25,2023-07-17,NSE:SIGMA,363.20001,363.20001,349.54999,362.75,26628.0,4.298450382359132,-0.9681150066026594
26,2023-07-18,NSE:SIGMA,378.0,378.0,362.10001,369.39999,16651.0,1.8332157133011722,4.298450382359132
27,2023-07-19,NSE:SIGMA,377.79999,377.89999,367.04999,372.25,13568.0,0.7715241140098562,1.8332157133011722
28,2023-07-20,NSE:SIGMA,377.25,379.0,361.10001,372.5,18573.0,0.0671591672263264,0.7715241140098562
29,2023-07-21,NSE:SIGMA,372.39999,375.14999,364.95001,367.25,8325.0,-1.4093959731543624,0.0671591672263264
30,2023-07-24,NSE:SIGMA,380.64999,385.20001,367.0,384.20001,15747.0,4.615387338325397,-1.4093959731543624
31,2023-07-25,NSE:SIGMA,401.0,403.39999,387.10001,401.75,24198.0,4.567930646331836,4.615387338325397
32,2023-07-26,NSE:SIGMA,419.0,421.79999,415.0,421.79999,24812.0,4.990663347853137,4.567930646331836
33,2023-07-27,NSE:SIGMA,433.79999,438.64999,409.95001,419.70001,24490.0,-0.49786155755953426,4.990663347853137
34,2023-07-28,NSE:SIGMA,429.79999,440.64999,422.04999,440.64999,19683.0,4.991655825788515,-0.49786155755953426
35,2023-07-31,NSE:SIGMA,462.64999,462.64999,462.64999,462.64999,7859.0,4.992624645242815,4.991655825788515
36,2023-08-01,NSE:SIGMA,485.75,485.75,485.75,485.75,6360.0,4.992977520652275,4.992624645242815
37,2023-08-02,NSE:SIGMA,502.70001,502.70001,463.10001,494.95001,54861.0,1.893980442614518,4.992977520652275
38,2023-08-03,NSE:SIGMA,490.0,499.95001,470.20001,475.60001,7700.0,-3.909485727659652,1.893980442614518
39,2023-08-04,NSE:SIGMA,461.0,470.0,451.85001,451.85001,4868.0,-4.993692073303363,-3.909485727659652
40,2023-08-07,NSE:SIGMA,429.25,435.0,429.25,429.45001,4997.0,-4.957397256669304,-4.993692073303363
41,2023-08-08,NSE:SIGMA,440.0,440.0,408.0,423.89999,5316.0,-1.292355308130047,-4.957397256669304
42,2023-08-09,NSE:SIGMA,402.70001,409.70001,402.70001,402.70001,7431.0,-5.001174923358687,-1.292355308130047
43,2023-08-10,NSE:SIGMA,402.70001,422.79999,382.60001,421.64999,12243.0,4.70573119677846,-5.001174923358687
44,2023-08-11,NSE:SIGMA,440.95001,442.70001,423.0,439.20001,5576.0,4.162224692570256,4.70573119677846
45,2023-08-14,NSE:SIGMA,453.95001,455.0,439.20001,446.5,2730.0,1.6621106178936516,4.162224692570256
46,2023-08-16,NSE:SIGMA,457.85001,468.79999,446.79999,468.79999,5407.0,4.994398656215001,1.6621106178936516
47,2023-08-17,NSE:SIGMA,492.20001,492.20001,461.54999,490.85001,9641.0,4.703502660057655,4.994398656215001
48,2023-08-18,NSE:SIGMA,481.0,509.0,466.29999,476.39999,6576.0,-2.9438768881760833,4.703502660057655
49,2023-08-21,NSE:SIGMA,461.0,474.0,452.60001,452.60001,4404.0,-4.995797753900038,-2.9438768881760833
50,2023-08-22,NSE:SIGMA,452.60001,474.0,430.0,466.89999,5164.0,3.1595182686805523,-4.995797753900038
51,2023-08-23,NSE:SIGMA,466.89999,483.70001,456.0,461.04999,3760.0,-1.25294498292879,3.1595182686805523
52,2023-08-24,NSE:SIGMA,469.39999,475.0,438.0,442.70001,5075.0,-3.980041296606461,-1.25294498292879
53,2023-08-25,NSE:SIGMA,452.5,452.5,420.60001,428.29999,2423.0,-3.252771555166678,-3.980041296606461
54,2023-08-28,NSE:SIGMA,409.0,449.70001,409.0,446.89999,1323.0,4.342750509987177,-3.252771555166678
55,2023-08-29,NSE:SIGMA,431.0,445.0,424.54999,429.14999,2753.0,-3.9718058619782024,4.342750509987177
56,2023-08-30,NSE:SIGMA,414.0,429.0,408.0,422.35001,5045.0,-1.5845229310153321,-3.9718058619782024
57,2023-08-31,NSE:SIGMA,430.0,430.0,410.0,421.54999,3242.0,-0.18942109176226082,-1.5845229310153321
58,2023-09-01,NSE:SIGMA,429.70001,429.70001,405.0,417.5,2904.0,-0.9607377763192404,-0.18942109176226082
59,2023-09-04,NSE:SIGMA,400.5,419.70001,399.04999,401.10001,10273.0,-3.9281413173652697,-0.9607377763192404
60,2023-09-05,NSE:SIGMA,405.0,411.20001,390.0,390.89999,2574.0,-2.5430116543751757,-3.9281413173652697
61,2023-09-06,NSE:SIGMA,390.64999,410.39999,390.0,406.14999,1831.0,3.9012536173254952,-2.5430116543751757
62,2023-09-07,NSE:SIGMA,425.0,425.0,386.0,397.64999,8238.0,-2.0928229002295433,3.9012536173254952
63,2023-09-08,NSE:SIGMA,396.0,402.0,380.20001,400.0,5277.0,0.5909744899025391,-2.0928229002295433
64,2023-09-11,NSE:SIGMA,401.0,401.0,385.04999,398.75,4790.0,-0.3125,0.5909744899025391
65,2023-09-12,NSE:SIGMA,418.0,418.64999,403.75,416.20001,5404.0,4.376178056426337,-0.3125
66,2023-09-13,NSE:SIGMA,433.95001,437.0,416.0,437.0,12092.0,4.997594786218285,4.376178056426337
67,2023-09-14,NSE:SIGMA,458.85001,458.85001,447.64999,458.85001,7855.0,5.000002288329519,4.997594786218285
68,2023-09-15,NSE:SIGMA,478.95001,481.60001,453.04999,463.10001,12572.0,0.9262285948299315,5.000002288329519
69,2023-09-18,NSE:SIGMA,477.0,477.0,454.10001,457.39999,6687.0,-1.2308399647842796,0.9262285948299315
70,2023-09-20,NSE:SIGMA,470.10001,470.10001,437.0,441.75,5289.0,-3.4215107875275645,-1.2308399647842796
71,2023-09-21,NSE:SIGMA,443.0,443.0,422.10001,434.95001,7114.0,-1.5393299377475902,-3.4215107875275645
72,2023-09-22,NSE:SIGMA,435.20001,450.0,430.5,442.70001,5665.0,1.7818139606434313,-1.5393299377475902
73,2023-09-25,NSE:SIGMA,459.95001,464.79999,435.0,444.04999,7580.0,0.304942392027495,1.7818139606434313
74,2023-09-26,NSE:SIGMA,460.0,460.0,435.85001,437.04999,4987.0,-1.5763990896610538,0.304942392027495
75,2023-09-27,NSE:SIGMA,453.95001,458.89999,438.0,440.14999,9536.0,0.7093010115387539,-1.5763990896610538
76,2023-09-28,NSE:SIGMA,453.95001,462.14999,442.0,455.85001,6831.0,3.56697043205658,0.7093010115387539
77,2023-09-29,NSE:SIGMA,450.0,478.60001,450.0,471.64999,23826.0,3.466047966084284,3.56697043205658
78,2023-10-03,NSE:SIGMA,489.95001,489.95001,473.0,476.5,11068.0,1.0283070291170784,3.466047966084284
79,2023-10-04,NSE:SIGMA,489.0,489.0,460.0,464.25,7064.0,-2.570828961175236,1.0283070291170784
80,2023-10-05,NSE:SIGMA,467.10001,468.10001,447.60001,450.70001,8320.0,-2.9186838987614387,-2.570828961175236
81,2023-10-06,NSE:SIGMA,459.0,459.0,438.89999,447.64999,6311.0,-0.6767295168242881,-2.9186838987614387
82,2023-10-09,NSE:SIGMA,447.64999,451.5,432.04999,447.45001,12041.0,-0.04467329486592467,-0.6767295168242881
83,2023-10-10,NSE:SIGMA,459.95001,459.95001,440.10001,449.10001,8328.0,0.36875627737721517,-0.04467329486592467
84,2023-10-11,NSE:SIGMA,442.10001,459.45001,442.10001,448.14999,5457.0,-0.2115386281109179,0.36875627737721517
85,2023-10-12,NSE:SIGMA,448.14999,448.14999,435.0,443.20001,8430.0,-1.104536452181999,-0.2115386281109179
86,2023-10-13,NSE:SIGMA,448.0,450.5,432.10001,436.29999,6362.0,-1.5568636832837708,-1.104536452181999
87,2023-10-16,NSE:SIGMA,447.95001,454.79999,439.04999,451.89999,24042.0,3.575521512159564,-1.5568636832837708
88,2023-10-17,NSE:SIGMA,478.89999,497.04999,460.0,497.04999,68588.0,9.991148705269937,3.575521512159564
89,2023-10-18,NSE:SIGMA,512.0,535.0,501.54999,519.04999,56163.0,4.426114162078547,9.991148705269937
90,2023-10-19,NSE:SIGMA,529.5,567.0,516.65002,556.75,49342.0,7.263271501074496,4.426114162078547
91,2023-10-20,NSE:SIGMA,570.0,570.0,528.95001,536.65002,44663.0,-3.610234396048489,7.263271501074496
92,2023-10-23,NSE:SIGMA,554.0,554.0,510.0,517.25,15971.0,-3.615022692070344,-3.610234396048489
93,2023-10-25,NSE:SIGMA,517.25,527.70001,492.0,497.60001,12136.0,-3.798934751087482,-3.615022692070344
94,2023-10-26,NSE:SIGMA,490.0,497.95001,472.75,491.25,15830.0,-1.2761273859299154,-3.798934751087482
95,2023-10-27,NSE:SIGMA,515.0,515.0,496.89999,503.95001,7180.0,2.585243765903312,-1.2761273859299154
96,2023-10-30,NSE:SIGMA,525.0,525.0,482.0,486.35001,16547.0,-3.4924098920049675,2.585243765903312
97,2023-10-31,NSE:SIGMA,494.14999,510.64999,492.10001,510.64999,14321.0,4.996397553276498,-3.4924098920049675
98,2023-11-01,NSE:SIGMA,508.70001,515.0,491.79999,503.54999,18654.0,-1.3903848309093323,4.996397553276498
99,2023-11-02,NSE:SIGMA,527.0,527.0,501.0,506.39999,12422.0,0.5659815423688168,-1.3903848309093323
100,2023-11-03,NSE:SIGMA,514.59998,517.65002,501.5,508.75,10801.0,0.46406201548305664,0.5659815423688168
101,2023-11-06,NSE:SIGMA,524.95001,524.95001,499.0,505.54999,18801.0,-0.6289945945945985,0.46406201548305664
102,2023-11-07,NSE:SIGMA,507.0,515.0,499.54999,507.0,18670.0,0.28681832235819454,-0.6289945945945985
103,2023-11-08,NSE:SIGMA,507.04999,513.90002,503.0,507.79999,9803.0,0.1577889546351045,0.28681832235819454
104,2023-11-09,NSE:SIGMA,517.5,517.5,482.45001,482.45001,19605.0,-4.992119042775082,0.1577889546351045
105,2023-11-10,NSE:SIGMA,458.35001,458.35001,458.35001,458.35001,7442.0,-4.995336200739228,-4.992119042775082
106,2023-11-12,NSE:SIGMA,450.0,481.25,435.45,464.0,14636.0,1.232680239278276,-4.995336200739228
107,2023-11-13,NSE:SIGMA,466.45001,478.95001,459.10001,462.54999,15890.0,-0.31250215517241814,1.232680239278276
108,2023-11-15,NSE:SIGMA,479.79999,479.79999,456.70001,459.20001,18568.0,-0.7242417192571898,-0.31250215517241814
109,2023-11-16,NSE:SIGMA,464.89999,475.29999,460.0,462.64999,13121.0,0.7513022484472468,-0.7242417192571898
110,2023-11-17,NSE:SIGMA,472.70001,472.70001,457.54999,463.14999,11552.0,0.10807305972275066,0.7513022484472468
111,2023-11-20,NSE:SIGMA,470.0,473.95001,450.0,453.25,11915.0,-2.137534322304531,0.10807305972275066
112,2023-11-21,NSE:SIGMA,463.0,463.0,439.64999,447.85001,18154.0,-1.1913932708218429,-2.137534322304531
113,2023-11-22,NSE:SIGMA,452.10001,462.5,448.0,459.10001,15158.0,2.512001730222134,-1.1913932708218429
114,2023-11-23,NSE:SIGMA,466.10001,472.95001,450.0,459.70001,14341.0,0.13069047852994445,2.512001730222134
115,2023-11-24,NSE:SIGMA,459.70001,465.35001,447.64999,460.75,18009.0,0.22840765219908954,0.13069047852994445
116,2023-11-28,NSE:SIGMA,483.0,483.0,452.04999,456.54999,21801.0,-0.9115594139989192,0.22840765219908954
117,2023-11-29,NSE:SIGMA,458.54999,466.20001,450.0,456.70001,10878.0,0.0328594903703843,-0.9115594139989192
118,2023-11-30,NSE:SIGMA,463.0,463.0,448.0,450.75,12900.0,-1.3028267724364666,0.0328594903703843
119,2023-12-01,NSE:SIGMA,468.0,468.0,449.04999,451.64999,12054.0,0.1996650027731564,-1.3028267724364666
120,2023-12-04,NSE:SIGMA,460.0,460.0,445.10001,450.0,21380.0,-0.36532492782740955,0.1996650027731564
121,2023-12-05,NSE:SIGMA,464.70001,467.10001,430.64999,438.54999,25203.0,-2.544446666666671,-0.36532492782740955
122,2023-12-06,NSE:SIGMA,440.0,449.10001,428.0,436.39999,20691.0,-0.49025197788739605,-2.544446666666671
123,2023-12-07,NSE:SIGMA,442.89999,442.89999,423.0,425.39999,26205.0,-2.5206233391526887,-0.49025197788739605
124,2023-12-08,NSE:SIGMA,423.0,467.89999,423.0,463.25,31512.0,8.897510787435609,-2.5206233391526887
125,2023-12-11,NSE:SIGMA,470.20001,470.20001,440.0,449.95001,24192.0,-2.8710178089584417,8.897510787435609
126,2023-12-12,NSE:SIGMA,460.0,460.0,440.0,445.29999,15614.0,-1.0334525828769379,-2.8710178089584417
127,2023-12-13,NSE:SIGMA,445.04999,464.0,428.0,450.54999,14856.0,1.1789804890855713,-1.0334525828769379
128,2023-12-14,NSE:SIGMA,454.5,463.10001,445.0,455.0,24516.0,0.9876839637705952,1.1789804890855713
129,2023-12-15,NSE:SIGMA,461.75,461.75,450.5,455.25,9675.0,0.054945054945054944,0.9876839637705952
130,2023-12-18,NSE:SIGMA,459.89999,480.0,457.04999,471.39999,26865.0,3.5474991762767716,0.054945054945054944
131,2023-12-19,NSE:SIGMA,480.0,489.79999,449.89999,458.5,32347.0,-2.7365274233459367,3.5474991762767716
132,2023-12-20,NSE:SIGMA,451.0,475.0,445.0,449.39999,19628.0,-1.984735005452562,-2.7365274233459367
133,2023-12-21,NSE:SIGMA,452.0,461.85001,444.79999,453.14999,10885.0,0.8344459464718724,-1.984735005452562
134,2023-12-22,NSE:SIGMA,459.95001,462.54999,450.5,457.70001,6811.0,1.004086969085008,0.8344459464718724
135,2023-12-26,NSE:SIGMA,450.85001,467.14999,450.85001,458.04999,11326.0,0.07646493169182136,1.004086969085008
136,2023-12-27,NSE:SIGMA,459.95001,486.5,459.95001,477.5,25229.0,4.24626360105368,0.07646493169182136
137,2023-12-28,NSE:SIGMA,478.79999,483.85001,464.10001,470.54999,14531.0,-1.4554994764397948,4.24626360105368
138,2023-12-29,NSE:SIGMA,477.0,477.0,463.0,465.89999,12129.0,-0.9882053126810133,-1.4554994764397948
139,2024-01-01,NSE:SIGMA,479.89999,510.0,475.54999,502.75,61696.0,7.9094249390303695,-0.9882053126810133
140,2024-01-02,NSE:SIGMA,503.14999,515.0,493.04999,503.85001,28104.0,0.21879860765788117,7.9094249390303695
141,2024-01-03,NSE:SIGMA,513.90002,513.90002,490.0,498.20001,20128.0,-1.1213654635037076,0.21879860765788117
142,2024-01-04,NSE:SIGMA,505.0,508.0,497.04999,503.20001,15498.0,1.0036129866797874,-1.1213654635037076
143,2024-01-05,NSE:SIGMA,505.0,505.0,491.04999,497.79999,10655.0,-1.0731359087214725,1.0036129866797874
144,2024-01-08,NSE:SIGMA,509.95001,509.95001,495.54999,500.79999,11071.0,0.602651679442581,-1.0731359087214725
145,2024-01-09,NSE:SIGMA,503.89999,513.0,488.79999,495.25,15985.0,-1.1082248623846778,0.602651679442581
146,2024-01-10,NSE:SIGMA,497.0,500.0,476.0,482.0,15752.0,-2.675416456335184,-1.1082248623846778
147,2024-01-11,NSE:SIGMA,486.29999,491.45001,469.95001,475.70001,15238.0,-1.3070518672199127,-2.675416456335184
148,2024-01-12,NSE:SIGMA,482.85001,499.85001,480.0,485.85001,16817.0,2.1336976637860436,-1.3070518672199127
149,2024-01-15,NSE:SIGMA,493.10001,499.0,477.20001,481.25,12583.0,-0.9467963168303728,2.1336976637860436
150,2024-01-16,NSE:SIGMA,490.85001,490.85001,470.10001,475.14999,8418.0,-1.267534545454545,-0.9467963168303728
151,2024-01-17,NSE:SIGMA,468.54999,487.85001,468.54999,476.04999,5713.0,0.189413873290827,-1.267534545454545
152,2024-01-18,NSE:SIGMA,485.85001,485.85001,460.0,472.70001,7708.0,-0.7037034072829116,0.189413873290827
153,2024-01-19,NSE:SIGMA,485.5,498.0,475.0,483.64999,24155.0,2.316475516892835,-0.7037034072829116
154,2024-01-20,NSE:SIGMA,485.0,499.0,435.29999,479.04999,8767.0,-0.9511010224563475,2.316475516892835
155,2024-01-23,NSE:SIGMA,477.0,496.85001,473.04999,482.20001,11779.0,0.6575555924758584,-0.9511010224563475
156,2024-01-24,NSE:SIGMA,489.0,489.0,476.5,483.29999,8689.0,0.22811695918462538,0.6575555924758584
157,2024-01-25,NSE:SIGMA,489.89999,489.89999,477.04999,479.20001,5773.0,-0.8483302472238743,0.22811695918462538
158,2024-01-29,NSE:SIGMA,487.89999,487.89999,453.10001,460.79999,21398.0,-3.8397369816415567,-0.8483302472238743
159,2024-01-30,NSE:SIGMA,474.0,474.0,455.0,461.10001,12990.0,0.06510850835739335,-3.8397369816415567
160,2024-01-31,NSE:SIGMA,488.70001,488.70001,454.0,462.20001,12266.0,0.23855996012665948,0.06510850835739335
161,2024-02-01,NSE:SIGMA,477.64999,477.64999,457.35001,458.85001,7951.0,-0.7247944455907784,0.23855996012665948
162,2024-02-02,NSE:SIGMA,458.89999,464.64999,450.0,460.29999,7457.0,0.3160030442191736,-0.7247944455907784
163,2024-02-05,NSE:SIGMA,467.75,467.75,441.10001,447.64999,17406.0,-2.7482077503412454,0.3160030442191736
164,2024-02-06,NSE:SIGMA,463.25,463.25,449.04999,453.25,8877.0,1.2509795878695311,-2.7482077503412454
165,2024-02-07,NSE:SIGMA,450.10001,473.20001,450.10001,469.0,10179.0,3.474903474903475,1.2509795878695311
166,2024-02-08,NSE:SIGMA,479.0,491.0,459.95001,462.0,10341.0,-1.4925373134328357,3.474903474903475
167,2024-02-09,NSE:SIGMA,477.85001,477.85001,435.0,442.45001,35523.0,-4.231599567099563,-1.4925373134328357
168,2024-02-12,NSE:SIGMA,441.0,449.20001,435.04999,441.04999,15008.0,-0.3164244475890147,-4.231599567099563
169,2024-02-13,NSE:SIGMA,447.95001,453.29999,419.95001,426.39999,27622.0,-3.3216189393859814,-0.3164244475890147
170,2024-02-14,NSE:SIGMA,433.0,441.20001,417.0,432.35001,26374.0,1.3954081002675434,-3.3216189393859814
171,2024-02-15,NSE:SIGMA,449.0,456.95001,421.14999,429.64999,24557.0,-0.624498655614694,1.3954081002675434
172,2024-02-16,NSE:SIGMA,434.45001,439.95001,424.0,428.29999,12597.0,-0.31420924739228384,-0.624498655614694
173,2024-02-19,NSE:SIGMA,432.89999,442.79999,429.54999,437.79999,6313.0,2.218071497036458,-0.31420924739228384
174,2024-02-20,NSE:SIGMA,442.0,442.95001,431.5,433.54999,11567.0,-0.9707629276099343,2.218071497036458
175,2024-02-21,NSE:SIGMA,430.0,439.5,421.54999,425.64999,11560.0,-1.8221658821858069,-0.9707629276099343
176,2024-02-22,NSE:SIGMA,429.79999,441.25,424.5,437.75,14547.0,2.8427135637898164,-1.8221658821858069
177,2024-02-23,NSE:SIGMA,444.29999,447.85001,428.10001,431.04999,10130.0,-1.5305562535693935,2.8427135637898164
178,2024-02-26,NSE:SIGMA,437.5,437.5,420.0,428.14999,7419.0,-0.6727757956797488,-1.5305562535693935
179,2024-02-27,NSE:SIGMA,430.0,433.64999,424.95001,427.54999,8066.0,-0.1401378054452419,-0.6727757956797488
180,2024-02-28,NSE:SIGMA,427.54999,432.95001,419.10001,421.70001,9758.0,-1.3682563762894626,-0.1401378054452419
181,2024-02-29,NSE:SIGMA,425.89999,425.95001,415.10001,420.45001,8270.0,-0.2964192483656806,-1.3682563762894626
182,2024-03-01,NSE:SIGMA,427.85001,427.85001,414.54999,416.35001,12138.0,-0.9751456540576661,-0.2964192483656806
183,2024-03-02,NSE:SIGMA,426.89999,426.89999,415.0,417.45001,3834.0,0.2642007862567417,-0.9751456540576661
184,2024-03-04,NSE:SIGMA,417.45001,421.95001,410.0,411.04999,12092.0,-1.5331224929183833,0.2642007862567417
185,2024-03-05,NSE:SIGMA,411.25,415.60001,400.0,404.60001,12851.0,-1.5691473438546932,-1.5331224929183833
186,2024-03-06,NSE:SIGMA,408.0,408.0,385.0,392.79999,20016.0,-2.9164655729988778,-1.5691473438546932
187,2024-03-07,NSE:SIGMA,392.04999,400.0,385.0,394.79999,13375.0,0.5091649824125505,-2.9164655729988778
188,2024-03-11,NSE:SIGMA,402.0,402.0,385.0,386.95001,12708.0,-1.9883435154088933,0.5091649824125505
189,2024-03-12,NSE:SIGMA,394.5,394.5,359.04999,369.60001,19637.0,-4.483783318677268,-1.9883435154088933
190,2024-03-13,NSE:SIGMA,374.0,379.45001,352.0,356.14999,15544.0,-3.639074576864864,-4.483783318677268
191,2024-03-14,NSE:SIGMA,341.10001,394.95001,341.10001,387.45001,11702.0,8.788437702890295,-3.639074576864864
192,2024-03-15,NSE:SIGMA,395.0,408.0,392.54999,398.29999,8462.0,2.8003561027137307,8.788437702890295
193,2024-03-18,NSE:SIGMA,405.0,405.0,381.0,389.64999,5292.0,-2.1717299063954227,2.8003561027137307
194,2024-03-19,NSE:SIGMA,390.0,394.89999,383.60001,386.29999,5151.0,-0.8597459478954491,-2.1717299063954227
195,2024-03-20,NSE:SIGMA,394.0,394.0,380.0,383.64999,5026.0,-0.6859953581671016,-0.8597459478954491
196,2024-03-21,NSE:SIGMA,392.89999,392.89999,378.04999,383.04999,11010.0,-0.15639254936511865,-0.6859953581671016
197,2024-03-22,NSE:SIGMA,385.0,388.75,380.29999,383.20001,5285.0,0.039164600944132766,-0.15639254936511865
198,2024-03-26,NSE:SIGMA,385.0,389.89999,366.10001,368.10001,12124.0,-3.9405009410098972,0.039164600944132766
199,2024-03-27,NSE:SIGMA,372.0,372.29999,358.04999,360.04999,32056.0,-2.18691110603339,-3.9405009410098972
200,2024-03-28,NSE:SIGMA,362.0,369.95001,350.0,356.04999,15728.0,-1.1109568424095777,-2.18691110603339
201,2024-04-01,NSE:SIGMA,367.5,427.25,367.5,427.25,22939.0,19.997194775935824,-1.1109568424095777
202,2024-04-02,NSE:SIGMA,449.0,464.89999,425.0,433.29999,163038.0,1.4160304271503756,19.997194775935824
203,2024-04-03,NSE:SIGMA,435.89999,456.89999,435.89999,442.0,61434.0,2.007849111651265,1.4160304271503756
204,2024-04-04,NSE:SIGMA,449.95001,455.0,426.29999,431.10001,53909.0,-2.4660610859728513,2.007849111651265
205,2024-04-05,NSE:SIGMA,437.04999,438.70001,425.0,426.14999,12071.0,-1.1482300823885379,-2.4660610859728513
206,2024-04-08,NSE:SIGMA,436.0,436.14999,410.0,419.60001,9505.0,-1.5370128249915025,-1.1482300823885379
207,2024-04-09,NSE:SIGMA,419.45001,425.45001,405.04999,407.85001,7409.0,-2.8002859199169228,-1.5370128249915025
208,2024-04-10,NSE:SIGMA,410.10001,418.20001,402.0,405.25,6581.0,-0.637491709268316,-2.8002859199169228
209,2024-04-12,NSE:SIGMA,407.29999,411.35001,400.54999,408.89999,6497.0,0.9006761258482425,-0.637491709268316
210,2024-04-15,NSE:SIGMA,400.0,405.95001,381.54999,393.35001,14640.0,-3.8028809929782597,0.9006761258482425
211,2024-04-16,NSE:SIGMA,393.29999,403.25,392.04999,394.25,9863.0,0.2288013161611468,-3.8028809929782597
212,2024-04-18,NSE:SIGMA,400.0,419.89999,400.0,405.04999,9984.0,2.7393760304375343,0.2288013161611468
213,2024-04-19,NSE:SIGMA,406.39999,409.95001,395.60001,405.75,4970.0,0.17282064369388586,2.7393760304375343
214,2024-04-22,NSE:SIGMA,405.95001,409.95001,402.0,405.54999,6636.0,-0.04929390018484787,0.17282064369388586
215,2024-04-23,NSE:SIGMA,402.95001,414.95001,402.54999,406.79999,4307.0,0.3082234079206857,-0.04929390018484787
216,2024-04-24,NSE:SIGMA,414.0,414.95001,404.54999,406.75,5738.0,-0.012288594205712685,0.3082234079206857
217,2024-04-25,NSE:SIGMA,415.0,416.75,405.0,412.54999,11398.0,1.4259348494160984,-0.012288594205712685
218,2024-04-26,NSE:SIGMA,416.5,416.5,407.0,409.29999,3549.0,-0.7877833180895242,1.4259348494160984
219,2024-04-29,NSE:SIGMA,413.0,413.5,401.60001,406.45001,5311.0,-0.696305905113743,-0.7877833180895242
220,2024-04-30,NSE:SIGMA,409.0,409.0,403.75,407.0,4292.0,0.13531553363720664,-0.696305905113743
221,2024-05-02,NSE:SIGMA,403.89999,406.95001,400.10001,402.35001,8056.0,-1.1425036855036863,0.13531553363720664
222,2024-05-03,NSE:SIGMA,404.85001,418.89999,401.04999,415.35001,9396.0,3.23101769029408,-1.1425036855036863
223,2024-05-06,NSE:SIGMA,418.89999,419.35001,400.89999,403.85001,8062.0,-2.7687491809618594,3.23101769029408
224,2024-05-07,NSE:SIGMA,402.0,410.10001,390.10001,395.75,5702.0,-2.0056976103578648,-2.7687491809618594
225,2024-05-08,NSE:SIGMA,395.0,405.45001,393.25,395.10001,5205.0,-0.1642425773847132,-2.0056976103578648
226,2024-05-09,NSE:SIGMA,390.10001,398.45001,390.10001,391.04999,4550.0,-1.0250619836734547,-0.1642425773847132
227,2024-05-10,NSE:SIGMA,391.04999,401.0,387.10001,399.5,4123.0,2.1608516087674676,-1.0250619836734547
228,2024-05-13,NSE:SIGMA,405.95001,405.95001,387.0,395.35001,6417.0,-1.0387959949937429,2.1608516087674676
229,2024-05-14,NSE:SIGMA,398.95001,409.39999,397.14999,403.75,4305.0,2.124697050089869,-1.0387959949937429
230,2024-05-15,NSE:SIGMA,404.0,404.95001,395.0,398.85001,5140.0,-1.2136198142414867,2.124697050089869
231,2024-05-16,NSE:SIGMA,397.0,402.25,394.35001,397.25,6423.0,-0.4011558129332873,-1.2136198142414867
232,2024-05-17,NSE:SIGMA,397.45001,399.54999,390.0,396.14999,6514.0,-0.27690623033354245,-0.4011558129332873
233,2024-05-18,NSE:SIGMA,404.95001,404.95001,390.5,396.5,2249.0,0.08835289886035273,-0.27690623033354245
234,2024-05-21,NSE:SIGMA,403.95001,414.89999,398.10001,404.79999,11432.0,2.0933139974779267,0.08835289886035273
235,2024-05-22,NSE:SIGMA,408.45001,409.0,398.04999,399.85001,18700.0,-1.222821176453088,2.0933139974779267
236,2024-05-23,NSE:SIGMA,399.89999,403.20001,397.04999,399.45001,14319.0,-0.10003751156589374,-1.222821176453088
237,2024-05-24,NSE:SIGMA,393.79999,405.20001,393.79999,400.25,6023.0,0.20027287018968398,-0.10003751156589374
238,2024-05-27,NSE:SIGMA,404.85001,480.0,391.70001,434.25,101497.0,8.4946908182386,0.20027287018968398
239,2024-05-28,NSE:SIGMA,450.0,450.0,401.0,404.14999,58346.0,-6.931493379389751,8.4946908182386
240,2024-05-29,NSE:SIGMA,407.89999,407.89999,393.35001,397.64999,8769.0,-1.6083137846916686,-6.931493379389751
241,2024-05-30,NSE:SIGMA,399.35001,400.89999,389.95001,392.39999,6117.0,-1.3202565401799708,-1.6083137846916686
242,2024-05-31,NSE:SIGMA,398.60001,399.0,389.04999,392.14999,4773.0,-0.06371050111392715,-1.3202565401799708
243,2024-06-03,NSE:SIGMA,400.20001,403.45001,377.54999,381.64999,20267.0,-2.6775469253486404,-0.06371050111392715
244,2024-06-04,NSE:SIGMA,382.0,383.0,350.5,358.39999,21117.0,-6.09196924124117,-2.6775469253486404
245,2024-06-05,NSE:SIGMA,355.0,390.20001,355.0,384.0,12250.0,7.142860132334267,-6.09196924124117
246,2024-06-06,NSE:SIGMA,389.75,400.0,388.0,392.54999,6572.0,2.2265598958333284,7.142860132334267
247,2024-06-07,NSE:SIGMA,395.5,404.0,394.10001,399.60001,5947.0,1.7959547012088874,2.2265598958333284
248,2024-06-10,NSE:SIGMA,395.10001,409.0,394.60001,396.85001,8022.0,-0.688188170966262,1.7959547012088874
249,2024-06-11,NSE:SIGMA,396.54999,397.10001,391.04999,393.14999,8430.0,-0.9323472109777684,-0.688188170966262
250,2024-06-12,NSE:SIGMA,394.89999,399.0,393.0,397.25,8363.0,1.0428615297688288,-0.9323472109777684
251,2024-06-13,NSE:SIGMA,398.64999,402.85001,397.04999,399.60001,6898.0,0.5915695405915664,1.0428615297688288
252,2024-06-14,NSE:SIGMA,396.0,398.95001,392.35001,395.10001,9256.0,-1.1261260979447925,0.5915695405915664
253,2024-06-18,NSE:SIGMA,395.14999,404.25,392.35001,393.85001,10609.0,-0.31637559310616065,-1.1261260979447925
254,2024-06-19,NSE:SIGMA,400.0,400.0,395.0,398.5,7641.0,1.1806499636752585,-0.31637559310616065
255,2024-06-20,NSE:SIGMA,401.5,401.54999,393.20001,396.75,5973.0,-0.43914680050188204,1.1806499636752585
256,2024-06-21,NSE:SIGMA,400.89999,403.45001,397.0,400.64999,7491.0,0.9829842470069319,-0.43914680050188204
257,2024-06-24,NSE:SIGMA,403.89999,424.0,398.60001,418.29999,14996.0,4.405341430309277,0.9829842470069319
258,2024-06-25,NSE:SIGMA,435.0,435.0,401.89999,406.5,12753.0,-2.820939584531183,4.405341430309277
259,2024-06-26,NSE:SIGMA,409.0,409.0,401.10001,403.29999,4231.0,-0.7872103321033261,-2.820939584531183
260,2024-06-27,NSE:SIGMA,404.20001,414.0,401.95001,403.95001,8767.0,0.1611753077405334,-0.7872103321033261
261,2024-06-28,NSE:SIGMA,401.95001,405.5,398.54999,402.35001,4133.0,-0.3960886150244241,0.1611753077405334
262,2024-07-01,NSE:SIGMA,409.0,425.0,403.54999,416.29999,12827.0,3.4671255507114274,-0.3960886150244241
263,2024-07-02,NSE:SIGMA,416.5,420.89999,406.29999,416.54999,9997.0,0.060052847947462115,3.4671255507114274
264,2024-07-03,NSE:SIGMA,417.29999,420.54999,408.0,411.39999,13372.0,-1.2363462066101545,0.060052847947462115
265,2024-07-04,NSE:SIGMA,411.45001,429.85001,411.39999,421.25,9841.0,2.3942659794425363,-1.2363462066101545
266,2024-07-05,NSE:SIGMA,417.0,430.0,407.20001,425.64999,13336.0,1.0445080118694368,2.3942659794425363
267,2024-07-08,NSE:SIGMA,436.95001,440.0,421.20001,427.0,10811.0,0.317164344347805,1.0445080118694368
268,2024-07-09,NSE:SIGMA,435.70001,435.70001,421.25,425.95001,4481.0,-0.24589929742388286,0.317164344347805
269,2024-07-10,NSE:SIGMA,425.0,425.70001,414.5,420.70001,9211.0,-1.2325390014663926,-0.24589929742388286
270,2024-07-11,NSE:SIGMA,425.64999,430.0,407.54999,411.04999,9216.0,-2.2938007536534264,-1.2325390014663926
271,2024-07-12,NSE:SIGMA,414.0,427.95001,405.04999,424.14999,12595.0,3.1869603013492407,-2.2938007536534264
272,2024-07-15,NSE:SIGMA,430.0,430.0,413.54999,422.89999,11108.0,-0.2947070681293662,3.1869603013492407
273,2024-07-16,NSE:SIGMA,425.0,425.0,412.0,416.0,5789.0,-1.6315890667200068,-0.2947070681293662
274,2024-07-18,NSE:SIGMA,419.04999,423.5,408.5,421.35001,10407.0,1.2860600961538455,-1.6315890667200068
275,2024-07-19,NSE:SIGMA,418.0,426.95001,410.0,415.0,16215.0,-1.5070629759804677,1.2860600961538455
276,2024-07-22,NSE:SIGMA,418.89999,419.0,402.35001,406.20001,8904.0,-2.120479518072284,-1.5070629759804677
277,2024-07-23,NSE:SIGMA,407.85001,411.29999,400.0,407.54999,7337.0,0.33234366488567035,-2.120479518072284
278,2024-07-24,NSE:SIGMA,409.89999,415.0,405.10001,408.10001,4143.0,0.13495767721648522,0.33234366488567035
279,2024-07-25,NSE:SIGMA,414.89999,416.0,405.0,409.54999,3269.0,0.3553001628203788,0.13495767721648522
280,2024-07-26,NSE:SIGMA,413.5,413.5,405.0,407.5,4259.0,-0.5005469539872238,0.3553001628203788
281,2024-07-29,NSE:SIGMA,413.5,415.89999,401.95001,404.85001,4318.0,-0.6503042944785282,-0.5005469539872238
282,2024-07-30,NSE:SIGMA,407.5,415.04999,401.10001,405.0,7026.0,0.03704828857482367,-0.6503042944785282
283,2024-07-31,NSE:SIGMA,406.85001,410.25,396.0,404.75,5581.0,-0.06172839506172839,0.03704828857482367
284,2024-08-01,NSE:SIGMA,409.5,409.5,401.04999,401.54999,4218.0,-0.7906139592341,-0.06172839506172839
285,2024-08-02,NSE:SIGMA,408.89999,408.89999,399.20001,402.54999,3226.0,0.24903499561785572,-0.7906139592341
286,2024-08-05,NSE:SIGMA,392.20001,400.0,383.0,386.64999,16447.0,-3.949819996269278,0.24903499561785572
287,2024-08-06,NSE:SIGMA,382.79999,390.0,378.5,380.79999,11631.0,-1.512996288969262,-3.949819996269278
288,2024-08-07,NSE:SIGMA,389.85001,389.85001,379.79999,381.14999,7340.0,0.09191176711953768,-1.512996288969262
289,2024-08-08,NSE:SIGMA,380.0,388.95001,379.35001,387.5,3166.0,1.666013424269012,0.09191176711953768
290,2024-08-09,NSE:SIGMA,398.0,398.0,385.10001,387.20001,3927.0,-0.07741677419354318,1.666013424269012
291,2024-08-12,NSE:SIGMA,389.89999,389.89999,380.20001,384.35001,4497.0,-0.7360536999986189,-0.07741677419354318
292,2024-08-13,NSE:SIGMA,399.85001,399.85001,379.0,381.04999,4278.0,-0.8585976100273858,-0.7360536999986189
293,2024-08-14,NSE:SIGMA,388.0,388.0,347.64999,366.5,13205.0,-3.8183940117673223,-0.8585976100273858
294,2024-08-16,NSE:SIGMA,372.0,372.0,362.0,365.20001,10341.0,-0.3547039563437871,-3.8183940117673223
295,2024-08-19,NSE:SIGMA,362.0,377.89999,361.95001,368.79999,9202.0,0.9857557232815956,-0.3547039563437871
296,2024-08-20,NSE:SIGMA,383.0,405.0,376.14999,391.85001,30192.0,6.2500055924621964,0.9857557232815956
297,2024-08-21,NSE:SIGMA,396.0,431.64999,396.0,397.95001,59877.0,1.5567180922108494,6.2500055924621964
298,2024-08-22,NSE:SIGMA,404.0,404.0,386.0,390.20001,9224.0,-1.9474807903635938,1.5567180922108494
299,2024-08-23,NSE:SIGMA,393.95001,393.95001,382.0,383.10001,8535.0,-1.8195796560845867,-1.9474807903635938
300,2024-08-26,NSE:SIGMA,389.0,405.0,383.10001,395.75,8416.0,3.302007222604876,-1.8195796560845867
301,2024-08-27,NSE:SIGMA,401.70001,415.0,395.5,410.60001,14354.0,3.7523714466203404,3.302007222604876
302,2024-08-28,NSE:SIGMA,412.89999,414.10001,402.0,402.89999,6388.0,-1.8753092577859398,3.7523714466203404
303,2024-08-29,NSE:SIGMA,406.20001,414.89999,400.0,403.79999,7455.0,0.22338049698139165,-1.8753092577859398
304,2024-08-30,NSE:SIGMA,404.0,407.95001,393.35001,398.89999,5065.0,-1.2134720459007386,0.22338049698139165
305,2024-09-02,NSE:SIGMA,404.0,404.0,392.54999,397.5,4483.0,-0.3509626560782823,-1.2134720459007386
306,2024-09-03,NSE:SIGMA,403.89999,403.89999,394.0,396.85001,3327.0,-0.16351949685534656,-0.3509626560782823
307,2024-09-04,NSE:SIGMA,390.1,399.25,390.1,393.35,2298.0,-0.881947817010254,-0.16351949685534656
308,2024-09-05,NSE:SIGMA,399.95001,399.95001,386.20001,387.79999,4879.0,-1.4109597050972524,-0.881947817010254
309,2024-09-06,NSE:SIGMA,399.95001,399.95001,390.0,391.5,3869.0,0.9541026548247256,-1.4109597050972524
310,2024-09-09,NSE:SIGMA,396.8,397.9,382.0,383.8,4875.0,-1.9667943805874812,0.9541026548247256
311,2024-09-10,NSE:SIGMA,387.15,390.9,383.0,384.95,3263.0,0.29963522668055687,-1.9667943805874812
312,2024-09-11,NSE:SIGMA,385.1,387.45,382.0,383.45,2574.0,-0.3896609949344071,0.29963522668055687
313,2024-09-12,NSE:SIGMA,383.45,394.9,382.05,384.5,4278.0,0.27382970400313245,-0.3896609949344071
314,2024-09-13,NSE:SIGMA,385.0,391.2,382.55,388.1,2470.0,0.9362808842652856,0.27382970400313245
315,2024-09-16,NSE:SIGMA,392.95,399.65,390.25,397.45,4703.0,2.409172893584119,0.9362808842652856
316,2024-09-17,NSE:SIGMA,403.9,403.9,387.8,389.5,4372.0,-2.00025160397534,2.409172893584119
317,2024-09-18,NSE:SIGMA,394.9,395.3,377.0,382.35,6590.0,-1.8356867779204051,-2.00025160397534
318,2024-09-19,NSE:SIGMA,385.0,385.0,377.35,380.8,4072.0,-0.405387733751801,-1.8356867779204051
319,2024-09-20,NSE:SIGMA,382.35,389.3,377.55,379.75,3657.0,-0.27573529411765,-0.405387733751801
320,2024-09-23,NSE:SIGMA,384.0,387.15,376.35,384.55,3672.0,1.2639894667544467,-0.27573529411765
321,2024-09-24,NSE:SIGMA,384.55,384.55,376.1,381.1,3956.0,-0.8971525159277047,1.2639894667544467
322,2024-09-25,NSE:SIGMA,381.1,391.15,379.6,385.8,7073.0,1.2332721070585118,-0.8971525159277047
323,2024-09-26,NSE:SIGMA,381.35,389.6,381.25,382.5,3123.0,-0.8553654743390386,1.2332721070585118
324,2024-09-27,NSE:SIGMA,383.4,388.85,380.1,382.95,4905.0,0.11764705882352643,-0.8553654743390386
325,2024-09-30,NSE:SIGMA,384.0,384.95,378.15,381.85,2982.0,-0.28724376550462616,0.11764705882352643
326,2024-10-01,NSE:SIGMA,378.05,385.95,375.15,379.4,3281.0,-0.6416131989001035,-0.28724376550462616
327,2024-10-03,NSE:SIGMA,376.0,379.4,371.9,373.05,5241.0,-1.6736953083816464,-0.6416131989001035
328,2024-10-04,NSE:SIGMA,371.0,376.8,370.05,374.15,3633.0,0.29486663986059936,-1.6736953083816464
329,2024-10-07,NSE:SIGMA,365.0,378.0,351.05,355.85,9150.0,-4.8910864626486585,0.29486663986059936
330,2024-10-08,NSE:SIGMA,360.0,373.95,354.05,372.7,4121.0,4.7351412111844775,-4.8910864626486585
331,2024-10-09,NSE:SIGMA,375.8,382.95,366.35,369.7,4472.0,-0.8049369466058492,4.7351412111844775
332,2024-10-10,NSE:SIGMA,372.85,374.8,370.05,373.7,2300.0,1.0819583446037329,-0.8049369466058492
333,2024-10-11,NSE:SIGMA,374.5,374.5,368.0,373.6,2421.0,-0.026759432700017634,1.0819583446037329
334,2024-10-14,NSE:SIGMA,375.0,378.0,371.85,377.15,2563.0,0.9502141327623004,-0.026759432700017634
335,2024-10-15,NSE:SIGMA,384.9,386.15,370.6,373.95,5269.0,-0.8484687790003947,0.9502141327623004
336,2024-10-16,NSE:SIGMA,376.0,384.0,371.65,383.3,3054.0,2.500334269287344,-0.8484687790003947
337,2024-10-17,NSE:SIGMA,385.0,385.0,373.95,376.8,3279.0,-1.695799634750848,2.500334269287344
338,2024-10-18,NSE:SIGMA,377.65,379.9,367.55,373.55,3119.0,-0.8625265392781316,-1.695799634750848
339,2024-10-21,NSE:SIGMA,373.55,374.95,366.0,367.35,3841.0,-1.659751037344395,-0.8625265392781316
340,2024-10-22,NSE:SIGMA,361.1,369.1,356.55,358.75,5516.0,-2.341091602014434,-1.659751037344395
341,2024-10-23,NSE:SIGMA,352.75,357.75,350.95,352.6,3898.0,-1.7142857142857078,-2.341091602014434
342,2024-10-24,NSE:SIGMA,354.7,355.95,350.05,350.85,3601.0,-0.4963131026659104,-1.7142857142857078
343,2024-10-25,NSE:SIGMA,364.7,364.7,344.5,348.8,6170.0,-0.5842952828844268,-0.4963131026659104
344,2024-10-28,NSE:SIGMA,340.0,348.8,327.1,336.2,8100.0,-3.6123853211009234,-0.5842952828844268
345,2024-10-29,NSE:SIGMA,363.95,363.95,333.0,333.8,9931.0,-0.7138607971445501,-3.6123853211009234
346,2024-10-30,NSE:SIGMA,334.8,345.95,334.5,337.1,11672.0,0.9886159376872412,-0.7138607971445501
347,2024-10-31,NSE:SIGMA,355.0,360.0,341.5,353.85,4710.0,4.968851972708395,0.9886159376872412
348,2024-11-01,NSE:SIGMA,355.0,369.4,342.0,357.6,3432.0,1.05977108944468,4.968851972708395
349,2024-11-04,NSE:SIGMA,369.0,369.0,345.0,346.75,3248.0,-3.034116331096203,1.05977108944468
350,2024-11-05,NSE:SIGMA,353.7,355.0,345.1,349.3,4545.0,0.73540014419611,-3.034116331096203
351,2024-11-06,NSE:SIGMA,351.8,358.95,347.05,356.45,2871.0,2.0469510449470305,0.73540014419611
352,2024-11-07,NSE:SIGMA,369.0,369.0,352.1,354.45,2917.0,-0.5610885117127227,2.0469510449470305
353,2024-11-08,NSE:SIGMA,354.7,355.0,346.0,350.5,3153.0,-1.1144025955705992,-0.5610885117127227
354,2024-11-11,NSE:SIGMA,353.95,361.8,350.0,351.55,3122.0,0.2995720399429419,-1.1144025955705992
355,2024-11-12,NSE:SIGMA,349.3,353.45,345.0,348.9,3331.0,-0.7538045797183996,0.2995720399429419
356,2024-11-13,NSE:SIGMA,350.1,350.7,332.5,335.7,4977.0,-3.7833190025795327,-0.7538045797183996
357,2024-11-14,NSE:SIGMA,336.75,341.3,325.95,330.55,8641.0,-1.534107834375924,-3.7833190025795327
358,2024-11-18,NSE:SIGMA,302.1,324.85,302.1,311.6,14838.0,-5.732869459990921,-1.534107834375924
359,2024-11-19,NSE:SIGMA,311.6,328.95,311.35,315.2,6742.0,1.1553273427471007,-5.732869459990921
360,2024-11-21,NSE:SIGMA,309.0,320.0,306.55,315.0,3920.0,-0.0634517766497426,1.1553273427471007
361,2024-11-22,NSE:SIGMA,323.75,325.9,314.35,315.5,4773.0,0.15873015873015872,-0.0634517766497426
362,2024-11-25,NSE:SIGMA,321.9,378.6,321.15,364.45,156706.0,15.515055467511882,0.15873015873015872
363,2024-11-26,NSE:SIGMA,369.75,415.0,360.25,382.35,168718.0,4.91151049526685,15.515055467511882
364,2024-11-27,NSE:SIGMA,375.0,381.75,360.35,369.4,35508.0,-3.3869491303779378,4.91151049526685
365,2024-11-28,NSE:SIGMA,369.4,369.4,351.35,356.15,16859.0,-3.586897671900379,-3.3869491303779378
366,2024-11-29,NSE:SIGMA,361.0,363.75,346.9,348.9,6957.0,-2.0356591323880386,-3.586897671900379
367,2024-12-02,NSE:SIGMA,348.9,400.0,344.05,382.3,100448.0,9.572943536830048,-2.0356591323880386
368,2024-12-03,NSE:SIGMA,383.0,395.9,370.95,378.6,45857.0,-0.9678263144127619,9.572943536830048
369,2024-12-04,NSE:SIGMA,386.8,388.0,366.0,366.65,32929.0,-3.1563655573164406,-0.9678263144127619
370,2024-12-05,NSE:SIGMA,372.1,380.0,363.0,371.55,23360.0,1.3364243829265061,-3.1563655573164406
371,2024-12-06,NSE:SIGMA,368.0,380.0,368.0,370.65,22360.0,-0.24222850222043713,1.3364243829265061
372,2024-12-09,NSE:SIGMA,383.75,383.75,366.6,369.9,20880.0,-0.20234722784297854,-0.24222850222043713
373,2024-12-10,NSE:SIGMA,375.15,393.5,370.0,378.35,61963.0,2.284401189510691,-0.20234722784297854
374,2024-12-11,NSE:SIGMA,383.45,387.7,370.5,375.75,22105.0,-0.6871943967226174,2.284401189510691
375,2024-12-12,NSE:SIGMA,371.85,380.4,368.0,372.95,25034.0,-0.7451763140385925,-0.6871943967226174
376,2024-12-13,NSE:SIGMA,370.95,371.3,358.55,361.1,26587.0,-3.1773696205925637,-0.7451763140385925
377,2024-12-16,NSE:SIGMA,358.0,364.95,358.0,362.9,20869.0,0.49847687621156317,-3.1773696205925637
378,2024-12-17,NSE:SIGMA,359.6,364.8,359.3,360.2,19013.0,-0.7440066133921159,0.49847687621156317
379,2024-12-18,NSE:SIGMA,360.85,361.9,355.15,356.65,19223.0,-0.9855635757912302,-0.7440066133921159
380,2024-12-19,NSE:SIGMA,352.0,355.95,344.1,346.85,22762.0,-2.7477919528949823,-0.9855635757912302
381,2024-12-20,NSE:SIGMA,348.7,351.75,336.05,336.8,24635.0,-2.897506126567684,-2.7477919528949823
382,2024-12-23,NSE:SIGMA,335.0,346.15,334.95,337.25,20700.0,0.13361045130640992,-2.897506126567684
383,2024-12-24,NSE:SIGMA,339.0,359.65,338.9,349.75,25157.0,3.7064492216456637,0.13361045130640992
384,2024-12-26,NSE:SIGMA,351.5,351.5,337.1,342.1,23314.0,-2.1872766261615375,3.7064492216456637
385,2024-12-27,NSE:SIGMA,342.45,349.7,334.0,341.1,21060.0,-0.29231218941829873,-2.1872766261615375
386,2024-12-30,NSE:SIGMA,342.9,349.25,313.6,331.7,28274.0,-2.7557900908824493,-0.29231218941829873
387,2024-12-31,NSE:SIGMA,331.7,331.7,318.4,323.3,30290.0,-2.532408803135356,-2.7557900908824493
388,2025-01-01,NSE:SIGMA,325.0,333.15,323.6,329.85,7947.0,2.0259820600061897,-2.532408803135356
389,2025-01-02,NSE:SIGMA,331.5,374.5,327.8,351.75,82753.0,6.639381537062293,2.0259820600061897
390,2025-01-03,NSE:SIGMA,353.6,369.9,352.05,353.35,31371.0,0.45486851457001354,6.639381537062293
